Alpha, Beta, Delta, Gamma
0.030484, 0.000057, -0.000020, 0.103447
